id,population,city,keyword_repetitions,real_coverage_per_million,relative_interest
GB-ENG,204000,York,16020,78529.41176470588834491,7.094936215734906
US-CA,37691912,California,2052,54.44138784999816494,4.407945618848585
US-FL,17671452,Orange,1489,84.26019548365351852,7.808946289509388
US-TX,22875689,Harris,1303,56.96003298523598346,4.695211088995431
US-IL,12772888,Cook,1069,83.69289701749518429,7.744242747785883
US-NY,19274244,Suffolk,1058,54.89190652562040640,4.459329776684832
CA-ON,12861940,,781,60.72178847047957362,5.124260200729047
US-OH,11467123,Cuyahoga,780,68.0205488333909045,5.956724368787768
US-WA,6271775,Chelan,718,114.48114768147772224,11.25581378185012
US-GA,8975842,Fulton,578,64.39507290792329286,5.543218697955267
FR-J,11598866,Paris,554,47.76328996300155438,3.646271454292805
US-PA,1526006,Philadelphia,547,358.45206375335357052,39.08205215382574
US-MA,22795,Bristol,501,21978.50405790743388934,0.5937695490682382
US-VA,7642884,Virginia,489,63.98108358049134381,5.496000915220946
US-AZ,5863809,Arizona,476,81.17590460398692187,7.45716577973408
US-NC,8611367,Wake,424,49.23724653704807253,3.814384390210444
US-MD,5624246,Baltimore County,401,71.29844604947933817,6.330586756822743
US-TN,5935099,Shelby,376,63.35193397784940572,5.424242907764063
US-MI,10147096,Wayne,336,33.11292216019243284,1.975315615450187
US-CO,4678630,Denver,330,70.53346813062798049,6.243336775300419
US-NJ,8751436,Union,326,37.25102943105565600,2.447289739176975
US-CT,3527249,Upshur County,314,89.02121738499323556,8.351967287478857
JP-13,12445327,,311,24.98929919639716957,1.048771285190649
US-MO,5768151,Missouri,301,52.18309992231478844,4.150375334652253
US-IN,6265933,Indiana,260,41.49421961581778362,2.9312491530279
US-MN,5141953,Hennepin,238,46.28591509879611721,3.477768643392039
ES-MD,6386932,Comunidad de Madrid,234,36.63730880491603870,2.377291492206718
NG-LA,10601345,,228,21.5067050454447042,0.6515620745292374
US-OR,3642919,Jackson,221,60.66563654036777109,5.11785576114463
US-LA,4515939,East Baton Rouge,214,47.38770829278251995,3.603434278239489
US-KS,2740759,Kansas,211,76.9859735934462037,6.979280870587408
CA-BC,4413973,,208,47.12307936636676686,3.57325187902107
IN-MH,112374333,Konkan Division,208,1.85095648131677915,-1.590285247812687
AU-NSW,6917658,City Of Sydney,205,29.6343068709092030,1.578560216066938
ES-CT,7475420,Cataluña,197,26.35303434455856575,1.204312855144835
AU-VIC,5354042,Melbourne,180,33.61945983987424569,2.033089051916118
US-WI,5535168,Kent County,176,31.79668620717564664,1.825191592586661
US-AL,4530315,Tuscaloosa,174,38.40792527671916901,2.579240137574041
US-NV,2399532,Clark,162,67.5131650671880976,5.898854431453636
ES-AN,8302923,Sevilla,161,19.39076154265190510,0.410226962794036
ID-JK,9953016,Jakarta Raya,153,15.37222486128827548,-0.04810947091927087
US-KY,4206074,Kentucky,152,36.13821345035774613,2.320366894267375
TR-34,11581707,,150,12.95145870984303116,-0.3242112991924424
FR-F,2526919,Département Du Loiret,148,58.56934868114095138,4.878762484756148
IN-DL,16787941,,146,8.69671867443422641,-0.8094880376754578
TH-10,5104476,Bangkok,144,28.21053522437954442,1.41617114993775
CA-QC,7730612,Saguenay/lac-Saint-Jean,144,18.62724451828652050,0.3231436044039178
BR-PE,8796032,Moreno,139,15.80258007246904128,0.0009749317781797551
US-OK,3547049,Oklahoma,138,38.90558038527237272,2.636000467455138
ZA-GP,10058121,City Of Johannesburg Metropolitan Municipality,137,13.62083434868202581,-0.247865288829306
US-SC,4229842,South Carolina,136,32.15250120453671201,1.865774269785676
DE-BE,3442675,,124,36.01850305358478721,2.306713258457659
BR-SP,41252160,Itápolis,120,2.90893858648856218,-1.469616511039483
US-DE,838549,Delaware,116,138.3341939469249837,13.97638622534807
ID-JB,45278744,Jawa Barat,114,2.51773768282971799,-1.514235147440128
US-AR,2757631,Arkansas,108,39.16405059270076094,2.665480430557942
MX-NLE,4123418,,108,26.19186315818575750,1.185930385943536
IT-25,9826141,Pavia,107,10.88932063970993269,-0.5594096024137343
CL-RM,6685685,Provincia De Santiago,103,15.40605038975063756,-0.04425148147853619
CO-VAC,4161425,,101,24.27053232967072560,0.9667919308912387
IN-TN,72147030,,98,1.35833727320445496,-1.646471205271276
US-MS,2901371,Rankin,97,33.43247037348894679,2.011761864444505
IE-L,2504814,Dublin City,97,38.72543031139237968,2.61545335069538
NL-NH,2498931,Government Of Amsterdam,95,38.01625575095911103,2.534568052219297
CO-DC,6840116,,95,13.8886533503232990,-0.2173190438087762
CA-AB,3497881,,92,26.30163804886444368,1.198450822085944
AE-DU,1141963,,88,77.06029004442351038,6.987757074690542
DE-NW,17872763,Regierungsbezirk Münster,87,4.86774204973232116,-1.24620409381507
ES-VC,5094675,Valencia,83,16.29152006752148196,0.05674125454721635
BE-VLG,6350765,Provincie Vlaams-Brabant,82,12.9118303070574960,-0.3287311386879259
US-AK,660633,Alaska,80,121.0959791593819830,12.01027206096886
US-IA,2955010,Iowa,74,25.04221643919986562,1.054806790716979
PA-8,1217804,,74,60.7651149117591984,5.12920182205944
FR-U,4864015,Département Des Alpes-Maritimes,73,15.00817740076870521,-0.08963110627741999
GR-I,3761810,Attica,72,19.1397226335195008,0.3815945805468794
KR-11,10349312,,72,6.95698419373191168,-1.007914420391116
US-HI,1284220,Hawaii,69,53.7291118344208982,4.326706582183022
US-NE,1757399,Douglas,69,39.26256928563177695,2.676717034812796
US-UT,2427340,Utah,67,27.60223124902156400,1.346790702081642
ZA-ZN,10154469,Amajuba District Municipality,67,6.59808011625226332,-1.048849424339212
GB-WLS,3000000,Cardiff,65,21.66666666666666785,0.6698065861052755
US-RI,1090292,Kent,62,56.86550025130882347,4.684429105509183
BD-C,47424418,Dhaka District,61,1.28625721880234778,-1.654692335920583
KE-110,3138369,,58,18.4809370727279045,0.306456427418816
ID-JI,22200177,Jawa Timur,57,2.56754709658395930,-1.508554107082491
DE-BY,12510331,Regierungsbezirk Oberbayern,53,4.23649861862168109,-1.318200914041189
MX-JAL,6653364,,53,7.96589514717667679,-0.8928425210898884
GB-NIR,1829700,Ards,52,28.4199595562114027,1.440057158451683
US-NM,1912684,Bernalillo,52,27.18692685252765173,1.299422928414865
AU-QLD,4332739,Brisbane,51,11.7708451859204999,-0.4588668305598289
SE-AB,1694794,,50,29.50211058099096562,1.56348249477793
ID-JT,34087148,Jawa Tengah,48,1.40815535520894852,-1.640789176251541
IN-KA,61095297,,46,0.752922111173303543,-1.715522167918495
CA-MB,1193566,,46,38.53997181555104135,2.594300778919699
PT-13,249633,Porto,46,184.27050910736963374,19.21567817114768
BO-B,421196,,46,109.21281303716084210,10.65493094713997
EC-G,3645483,,45,12.34404329961214941,-0.3934904012593314
ID-KI,3553143,Kalimantan Timur,44,12.38340252559494381,-0.389001262873627
SA-01,5588987,,44,7.87262521812986904,-0.9034804746639493
US-ID,1416564,Idaho,43,30.3551410313970962,1.660775356704807
MX-PUE,5522918,,43,7.78573935010442053,-0.9133902906115186
GB-SCT,5000000,Aberdeen City,42,8.39999999999999858,-0.8433304509317616
IN-UP,199812341,,41,0.205192531125992866,-1.777993769465003
DE-HH,1774224,,41,23.10869427986544977,0.8342778466551144
CO-ANT,6299886,,41,6.5080542727281099,-1.059117371936717
CH-ZH,1289559,Zürich District,40,31.01835588755536222,1.736418695576636
IT-55,900790,Provincia Di Perugia,40,44.40546631290312263,3.263293012423245
IN-RJ,68548437,Jaipur,39,0.568940762281713308,-1.736506262878186
IN-GJ,60439692,,39,0.645271322693040772,-1.727800338404605
TW-,7871900,Taipei,38,4.82729709472935387,-1.250817065627353
US-WV,1817871,West Virginia,36,19.80338538873220600,0.4572890047941953
CF-SE,93537,Nola,36,384.8744347156739991,42.09567035302818
AU-WA,2239170,Cambridge,35,15.63079176659208613,-0.0186184788865642
GH-AA,3460792,Accra Metropolis,35,10.11329198634300930,-0.6479199816005283
PK-SD,35992288,Karāchi District,34,0.944646808783037084,-1.693654901018896
FR-O,4021676,Département Du Nord,33,8.20553421011538475,-0.8655103546336014
JM-01,90822,,33,363.34808746779413013,39.64047085858942
BR-PR,10439601,Curitiba,33,3.16104035010533435,-1.440862904333637
JP-26,2633428,,32,12.15146189681282252,-0.4154553801452769
EG-C,7734614,,32,4.1372458922966295,-1.329521238882596
BR-SC,6249682,Laguna,32,5.12026051885519884,-1.217402959531221
NZ-AUK,417910,Auckland,31,74.17865090569740971,6.659090121812504
IT-62,5681868,Provincia Di Roma,31,5.45595216221144241,-1.179115462652867
SA-02,5899358,,31,5.2548090826154299,-1.202056948342346
IT-21,4446230,Provincia Di Cuneo,30,6.74728927653315225,-1.031831290669397
IN-WB,91276115,,30,0.328673059759390540,-1.763910129171427
NL-LI,1091697,Maastricht,30,27.48015245988584709,1.332866937965219
BR-RJ,15993583,Mendes,30,1.87575229390437404,-1.587457147632557
DE-BW,10744921,,30,2.79201680496301474,-1.482952089787924
FR-V,6065959,Département Du Rhône,30,4.94563184485750718,-1.237320329959958
PK-PB,85579866,,30,0.350549742622873473,-1.761414971953719
BR-CE,8448055,Fortaleza,29,3.43274280292919487,-1.409873730131004
ES-CL,2563521,Castilla y León,29,11.31256580304978954,-0.511136140172805
IN-HR,25351462,Gurgaon,29,1.14391824818623866,-1.670926886291409
NG-FC,660634,,29,43.89722599805641323,3.205325380957673
ES-AS,1085289,Principado de Asturias,29,26.72099321010348305,1.246280607976152
IT-45,4395569,Provincia Di Modena,28,6.37005129483805188,-1.074857378248288
BR-GO,6004045,,28,4.6635226751298502,-1.269496448040563
EC-P,2576287,,27,10.48019882877955844,-0.606072217849293
BR-RS,10695532,Pelotas,26,2.43092162222505648,-1.524137001463537
IN-AP,49386799,Hyderābād,26,0.526456472710450374,-1.74135183212762
EG-ALX,3811516,,26,6.8214327317529300,-1.023374817693497
US-MT,930698,Missoula,25,26.86155981854479080,1.262313010594486
TR-06,4383400,,25,5.70333531048957454,-1.150900040240923
JP-11,7190817,,25,3.47665640774893836,-1.404865139536841
MX-YUC,1761761,,25,14.19034704480346676,-0.1829092018772327
FR-A,1827248,Département Du Bas-Rhin,24,13.134506098788998,-0.3033337275532164
PR-,170404,Carolina,24,140.84176427783387453,14.26238855253451
IT-72,5824662,Provincia Di Caserta,24,4.12041076374903792,-1.331441378821941
CA-NS,935573,,24,25.65272832798723357,1.124439063365893
NL-ZH,3581452,Dordrecht,23,6.42197633808857393,-1.068935038593104
ES-IB,1095426,Balearic Islands,23,20.99639774845585194,0.5933586922671197
DE-NI,7928815,,23,2.90081178587216382,-1.470543417798675
ID-SU,9630873,Sumatera Utara,23,2.38815318195972504,-1.529014979678244
IN-PB,27743338,,23,0.829027855263847480,-1.706841884995279
IT-52,3730130,Provincia Di Massa-Carrara,22,5.89791776694109871,-1.12870683006898
TR-35,3731863,,22,5.89517889590266275,-1.129019213526863
US-WY,505907,Wyoming,22,43.48625340230516656,3.158451673231156
HU-BU,1696128,,22,12.97071919100445214,-0.3220145343133094
ID-LA,4817226,Lampung,22,4.5669437140794304,-1.280511815098146
MX-MEX,10662420,,21,1.96953412077183221,-1.576760809268174
NO-03,529846,Oslo,21,39.63415784963932964,2.719098774918769
ID-YO,3665448,Yogyakarta,21,5.72917689733969837,-1.147952663696295
ES-PV,2172175,País Vasco,21,9.66772934961501740,-0.6987388756673376
FR-R,3482594,Département De La Loire-Atlantique,20,5.74284570639012237,-1.146393660086266
NL-NB,2331709,Geldrop-Mierlo,20,8.57739966693957179,-0.8230970333635982
CN-11,14933274,,20,1.3392910355759897,-1.648643534485233
IT-34,4912438,Provincia Di Padova,20,4.07129820264398212,-1.337042939263534
AR-S,3000701,Departamento De Rosario,20,6.66510925280459521,-1.041204378931326
AT-9,1569316,,20,12.74440584305519053,-0.3478268289433002
MX-GUA,4908056,,19,3.87118647382996439,-1.3598667936666
US-VT,624501,Chittenden,19,30.42429075373778247,1.668662266702887
ZA-WC,4988154,Cape Winelands District Municipality,19,3.80902434046743554,-1.366956730321781
PL-MZ,5141709,Płock,19,3.69526941334097314,-1.379931111732372
UG-C,20530,Wakiso,18,876.76570871894784887,98.19860288240157
PY-ASU,1482200,Asuncion,18,12.1441101065983013,-0.4162938926625219
MX-COA,2415862,,18,7.45075670712979488,-0.9515969220574576
FR-M,2339881,Département De La Moselle,18,7.69269890220912878,-0.9240020705853537
MX-MIC,4090997,,17,4.1554662592028295,-1.327443104812683
BR-PA,7588078,Belém,17,2.24035651715757256,-1.545872010391512
BR-DF,2648532,Brasília,17,6.41865002952578934,-1.069314422564181
MX-VER,7058898,,16,2.26664275358561618,-1.542873919092246
FR-N,2810247,Département De La Haute-Garonne,16,5.69344972167926855,-1.152027546564676
FR-B,3150890,Département De La Gironde,16,5.07793036253249053,-1.222230949027361
IE-M,1246088,County Cork,16,12.84018464185514929,-0.336902724835727
BR-ES,3512672,Vitória,16,4.55493709631869947,-1.28188123655719
FR-K,2560870,Département De L'hérault,16,6.24787669815336155,-1.088792069747937
TN-12,97687,Ariana,16,163.78842630032656302,16.87958283765549
QA-DA,344939,,16,46.38501300229895463,3.489071309830447
PK-IS,1115396,,16,14.34468117153011057,-0.1653065373122438
MX-ZAC,1363577,Zacatecas,16,11.73384414668185194,-0.4630870046463258
IN-CH,1055450,,16,15.1594106779098965,-0.07238211083459389
MX-DIF,8657050,,15,1.73269185230534650,-1.603773985777157
UY-LA,60889,,15,246.34991541986241259,26.2961793466781
RO-B,1877155,,15,7.99081588893831452,-0.8900001720434083
SE-O,59430,Mölndal,15,252.39777889954567058,26.98597177577753
NL-GE,2080675,Apeldoorn,15,7.2091989378446897,-0.9791479276320311
BR-MG,19595309,Curvelo,15,0.765489332166183312,-1.714088806546363
IT-82,5042992,Palermo,15,2.97442470660274694,-1.462147455228682
NZ-WGN,464000,Wellington,15,32.32758620689655515,1.885743686999273
AU-SA,1596572,Adelaide,15,9.39512906401966141,-0.729830452685519
MX-SON,2351427,,14,5.95383143937702553,-1.122329565096149
JP-47,1416587,,14,9.88290870945448496,-0.6741964742367583
DE-RP,4012675,,14,3.48894440740902256,-1.403463624908944
JP-12,6201046,,14,2.25768362305327219,-1.543895757702408
BE-BRU,1830000,(Bruxelles-Capitale),14,7.65027322404371635,-0.928840954878331
IN-MP,72626809,,14,0.192766282764812114,-1.779411052125308
NL-UT,1170622,Utrecht,14,11.95945403383842098,-0.4373549436278572
MX-CHH,3316178,,13,3.92017557561747276,-1.354279314446058
BR-AM,3480937,Manaus,13,3.73462662495759057,-1.375442203096321
MX-ROO,1090281,,13,11.9235316400084024,-0.4414520922130254
MX-SIN,2641696,,13,4.9210810025074796,-1.240120489923547
JP-09,2017548,,13,6.44346503775870438,-1.06648413301406
BR-TO,1383453,Palmas,13,9.39677748358635867,-0.7296424412760507
FR-G,1339487,Département De La Marne,13,9.70520803859985293,-0.6944642229736784
DK-84,1680271,København,12,7.14170511780540185,-0.9868459727731788
MX-BCN,1806829,Mexicali,12,6.64146966868475097,-1.043900604831217
US-NH,1316216,Cheshire,12,9.11704461881636519,-0.7615475285745394
AR-E,1158147,,12,10.36137899593056844,-0.6196242798959029
KE-,1603325,,12,7.4844463848564704,-0.9477544271478542
AR-B,13827203,Partido De Mercedes,12,0.867854474979502299,-1.702413493313266
PH-11,1212504,Davao,12,9.89687456701173751,-0.6726035905942562
CI-01,3677115,Abidjan,12,3.26342798634255393,-1.42918502560058
CO-BOY,1255311,,11,8.76276874814288931,-0.8019546598241309
BR-RN,3168133,Natal,11,3.47207645638614260,-1.405387508433942
BR-PI,3119015,Teresina,11,3.52675444010368677,-1.39915118062438
ES-AR,1345473,Aragón,11,8.17556353787850121,-0.8689286763059524
CN-31,18880000,,11,0.582627118644067798,-1.734945257899747
BJ-MO,380078,Comè,11,28.94142781218592120,1.499533510091444
NL-GR,609768,Groningen,11,18.03964786607365411,0.256124941793195
BE-WAL,3585214,Province De Namur,11,3.06815715881952933,-1.451456748317512
CO-ATL,2166156,,11,5.07811995073300348,-1.222209325439825
DE-HE,6061951,Regierungsbezirk Kassel,11,1.81459731363714427,-1.594432212881925
CO-SUC,772010,,11,14.24852009688993526,-0.1762742421031485
BR-AL,3120922,Pilar,11,3.52459946131303514,-1.399396967927558
MX-CAM,743869,,11,14.78754995839321218,-0.1147948917883581
CZ-PR,1167050,,11,9.42547448695428614,-0.7263693886141422
CA-SK,1006644,,11,10.9273983652612046,-0.5550666262716919
CO-SAN,1957789,,10,5.10780273052918421,-1.218823839499739
CN-44,104303132,,10,0.0958743980957350306,-1.790462109860065
BR-SE,2068031,Aracaju,10,4.8355174559762402,-1.249879487758471
ID-BA,3890757,Bali,10,2.57019392370173705,-1.508252221745114
GR-E,753888,Thessalia,10,13.26456980347213310,-0.2884992394579677
JP-01,5647230,,10,1.77077965657499337,-1.599429860101292
FR-E,3120288,Département Du Morbihan,10,3.20483237444748692,-1.43586818066839
AU-ACT,357222,,10,27.99379657467905247,1.391450902835799
ZA-FS,2740946,Mangaung Metropolitan Municipality,9,3.28353787342034487,-1.426891381257763
JP-28,5582978,,9,1.61204289180433813,-1.6175346699943
PT-15,117110,Setubal,9,76.85082401161301391,6.963866309948322
JO-AM,1972712,,9,4.56224730219109542,-1.281047466965188
CZ-US,821468,,8,9.73866297895961708,-0.6906485011648675
US-ND,630529,Burleigh,8,12.68775900870538820,-0.3542877151055304
NL-OV,1065667,Deventer,8,7.50703549983249907,-0.9451780130897549
PH-10,2761720,Quezon City,8,2.89674550642353346,-1.471007199560233
DE-HB,661716,,8,12.08977869660095905,-0.4224906918138855
NO-12,448343,Bergen,8,17.84348144166408545,0.2337510712758146
MA-08,3679839,,8,2.17400815633510058,-1.553439409545319
JP-27,8864228,,8,0.902503861588397793,-1.698461538273929
ID-MA,1531402,Maluku,8,5.2239712368143705,-1.205574175977322
UY-MO,1324115,,8,6.04177129629979248,-1.112299535859346
CR-H,433677,,8,18.44690864399080610,0.3025752960745234
NZ-HKB,159000,Hawke's Bay,8,50.31446540880503449,3.937247187083613
ES-MC,1446520,Murcia,8,5.53051461438486847,-1.170611200746643
PL-WP,3364886,Poznań,8,2.37749510681788312,-1.5302305923597
IR-07,12183391,,8,0.656631638925484706,-1.726504631225427
LB-BA,1916100,Beirut,8,4.17514743489379470,-1.325198357385264
AU-TAS,495354,Burnie,8,16.15006641714814251,0.04060767986852376
FR-S,1900354,Département De L'oise,7,3.68352422759128073,-1.381270715418156
BS-NP,228334,,7,30.65684479753344149,1.695186347364692
IN-KL,33406061,,7,0.209542813203867417,-1.777497595625787
SA-03,1547487,,7,4.52346287884809328,-1.285471045916476
NG-BO,4588668,,7,1.52549715952428899,-1.627405691570464
TR-16,2374307,,7,2.94822868314838837,-1.465135257237115
FR-P,1461429,Département Du Calvados,7,4.78983241744894883,-1.255090120208278
DE-BB,2511525,,7,2.78715123281671495,-1.483507035322166
ID-SN,8034776,Sulawesi Selatan,7,0.871212837794109074,-1.702030453376689
ES-GA,2796089,Galicia,7,2.50349684863393129,-1.515859393695903
BW-SE,276319,,7,25.333038987547003,1.087976718036794
MX-TAB,2041286,,7,3.4292108014261600,-1.410276574524656
CL-AN,530879,Provincia De Antofagasta,7,13.18567884583869265,-0.2974971914591595
AT-6,1185175,Graz,7,5.90630075727213288,-1.127750703449557
ID-BT,10632166,Banten,7,0.658379487302963473,-1.726305279407707
CL-BI,2100494,Provincia De Concepción,7,3.33254939076236356,-1.421301345418699
GR-B,1871952,Nomós Thessaloníkis,7,3.73941212167833381,-1.374896390609227
SN-DK,2431062,Guediawaye,6,2.46805717007628767,-1.519901485922505
RW-01,745261,Kigali,6,8.05087076876423247,-0.8831505793610409
CO-CAL,968740,,6,6.19361232115944382,-1.094981223412854
GY-DE,313429,,6,19.14309141783306600,0.3819788091133101
MA-07,2676754,Rabat,6,2.24152088686521056,-1.545739207557635
BJ-CO,602066,Savè,6,9.96568482525171717,-0.6647553983627741
BR-MT,3033991,Rondonópolis,6,1.97759320973595498,-1.5758416253991
JP-22,3774471,,6,1.58962673179897251,-1.620091357577134
AT-3,1576622,Baden District,6,3.80560464080800598,-1.367346766066271
NZ-CAN,559200,Canterbury,6,10.72961373390558037,-0.5776250622813084
DE-SN,4168732,,6,1.43928657443078611,-1.637238487748073
FR-Q,1816716,Département De La Seine-Maritime,6,3.30266260659343569,-1.424710099190855
CH-GE,433978,Genève,6,13.82558562876459263,-0.2245122678287779
DE-SH,2832027,,6,2.11862386905209599,-1.559756295200431
ID-KB,4395983,Kalimantan Barat,6,1.364882439263300,-1.645724692720231
CM-LT,2202340,,6,2.72437498297265623,-1.490667015373825
CO-BOL,2049083,,6,2.92813907489350100,-1.46742658866752
CO-RIS,897509,,6,6.68516973088849298,-1.038916369958757
MX-COL,597970,,6,10.03394819138083882,-0.6569695822148247
NG-OY,6617720,,6,0.906656673295334392,-1.697987887027577
IT-78,2009330,Reggio Calabria,5,2.48839165293903930,-1.517582225182659
AO-LUA,6542942,Luanda,5,0.764182228728299884,-1.714237888955139
NG-CR,3104446,,5,1.61059332325316662,-1.61770000134072
CH-BE,955658,Bern,5,5.23199722076307605,-1.204658767919173
PL-SL,4686544,,5,1.06688425415402066,-1.679713041277417
FR-T,1739780,Département De La Vienne,5,2.87392658841922533,-1.473609823930391
FR-D,1633891,Département De La Côte-D'or,5,3.06017965702730477,-1.45236662671637
CO-MET,783168,,5,6.3843262237476504,-1.073229243300988
PT-01,54162,Aveiro,5,92.31564565562571545,8.727715134123772
ID-SB,5014112,Sumatera Barat,5,0.997185543521963647,-1.687662566440062
CU-06,405481,,5,12.33103400652558257,-0.3949741834097047
BR-AP,668689,Macapá,5,7.47731755719026392,-0.9485675095477831
SE-M,261548,Malmö,5,19.11694985241714662,0.3789972183467054
CA-NB,751250,,5,6.65557404326123070,-1.042291922553134
JP-23,7408640,,5,0.674887698686938431,-1.724422426187079
IN-BR,104099452,,5,0.0480309925166560875,-1.795918916063056
US-SD,770184,Davison,5,6.49195516915438375,-1.060953564138764
TR-45,1299232,Kula,5,3.84842737863599416,-1.362462594912889
MX-GRO,3237579,Cuajinicuilapa,5,1.54436385953825361,-1.625253839618871
GN-C,1871242,,5,2.67202211151737723,-1.496638151212585
AR-M,1579651,,5,3.16525612302970716,-1.440382072010651
TR-38,1091608,,4,3.66431905958915660,-1.383461171524176
IQ-BG,5672513,Baghdad,4,0.705154840544217287,-1.720970290507468
LY-TB,1065405,,4,3.75444079950816834,-1.37318228641008
MX-MOR,1680239,,4,2.3806137103114500,-1.529874898305683
IT-57,1559542,Province Of Fermo,4,2.56485557939446318,-1.508861089570826
MX-TLA,1044369,,4,3.83006389504092848,-1.36455705223626
UY-SA,123793,,4,32.31200471755268921,1.883966531575776
TR-63,1684249,Viranşehir,4,2.37494574733308417,-1.530521360972049
NI-MN,973087,Managua,4,4.1106293681859896,-1.332557001326993
BR-BA,14175341,Nazaré,4,0.282180160604249330,-1.769212902613955
IT-75,4084035,Provincia Di Lecce,4,0.979423535792420918,-1.689688422099437
RU-PER,982419,Perm,4,4.07158249178812692,-1.33701051450726
AT-7,692214,Innsbruck,4,5.77855980953866855,-1.14232026821049
JP-14,9097401,,4,0.439686015819243325,-1.751248484794156
NZ-OTA,211300,Otago,4,18.93043066729768142,0.3577236690661352
IT-88,1672404,Cagliari,4,2.3917665827156598,-1.528602851247581
ID-RI,5714477,Riau,4,0.699976568284376710,-1.721560901226882
JP-31,584982,,4,6.83781723198320623,-1.021506074417232
SA-07,708860,,4,5.64286318878198845,-1.157797221677905
PA-3,76643,Colon,4,52.19002387693592482,4.151165050143208
ID-KS,3626616,Kalimantan Selatan,4,1.10295658542288466,-1.675598791494363
SK-BL,599015,,4,6.67762910778528074,-1.039776419916029
EC-A,712127,,4,5.61697562373003745,-1.160749842291886
PE-ARE,841130,Arequipa,4,4.75550747209111613,-1.25900507092048
TR-43,690039,Kütahya Merkez,4,5.79677380553852739,-1.140242860777839
CU-03,722045,,4,5.5398209252885904,-1.169549764286346
PT-03,121394,Braga,4,32.95055768818887287,1.956797045393336
CH-VD,646233,Lausanne District,4,6.18971795002731184,-1.095425398075869
FR-L,737001,Département De La Haute-Vienne,4,5.42740104830251191,-1.182371875811481
PL-MA,3275680,,4,1.22112050017095686,-1.662121540551152
CH-BS,195962,Basel-Stadt,4,20.41212071728192257,0.5267186508782269
IT-36,1234079,Provincia Di Udine,4,3.24128358071079736,-1.431710718087358
RU-YAR,1338750,Gorod Yaroslavl',4,2.98786181139122320,-1.460614878776974
LV-RIX,742596,Rīgas Pilsēta,4,5.3865089496846199,-1.187035846837177
DZ-31,1454078,,4,2.75088406536650742,-1.487643507254126
LY-BA,1110000,,3,2.70270270270270263,-1.49313885934017
AR-H,984446,,3,3.04739924790186567,-1.453824303379399
NG-SO,4244399,,3,0.706813850441487812,-1.720781071211963
ID-SS,7743794,Sumatera Selatan,3,0.387406999721325251,-1.757211197019102
TR-10,1116014,,3,2.68813832084543725,-1.494800008004224
NG-EN,3590513,Enugu North,3,0.835535200680237122,-1.706099686098621
JP-43,1812255,,3,1.65539617769022551,-1.612589986887426
TH-21,581051,,3,5.16305797597801241,-1.212521671782714
MA-13,3601917,Agadir-Ida-Ou Tanane Province,3,0.832889819504447182,-1.706401406518282
KP-01,2514692,,3,1.19298904199798628,-1.665330089641658
HN-FM,1680700,,3,1.78497054798595833,-1.597811310097585
IN-JH,32988134,,3,0.0909417913726190130,-1.791024701060207
MX-TAM,2976339,,3,1.00794969927820732,-1.686434854675197
RU-KDA,5191490,Gorod Krasnodar,3,0.577868781409576093,-1.735487972696547
DE-TH,2249882,,3,1.33340326292667788,-1.649315067665736
AR-J,620023,,3,4.83853018355770725,-1.24953586944043
PT-10,45112,Leiria,3,66.50115268664656298,5.783428797161871
TH-90,1292287,,3,2.32146574251694870,-1.536621052632467
UA-63,1430885,Kharkiv,3,2.09660454893300274,-1.56226772098957
JP-40,5088483,,3,0.589566674389990109,-1.734153763013837
TR-07,2081238,,3,1.44144975250307761,-1.636991765271272
UY-RN,54255,,3,55.2944429084877029,4.505241287464086
CZ-JM,1196113,,3,2.5081242324094797,-1.515331614868614
BR-MS,2505088,Jardim,3,1.1975627203515404,-1.664808436216111
ES-NC,630578,Navarra,3,4.75753990783059333,-1.258773260333083
TR-01,1996235,Seyhan,3,1.50282907573507130,-1.629991112460423
UY-CA,490595,,3,6.11502359379936600,-1.103944704372312
IS-1,209680,,3,14.30751621518504457,-0.1695454070553783
PL-ZP,407811,Szczecin,3,7.35634889691548288,-0.9623646573002345
IN-HP,6864602,,3,0.437024608272992388,-1.751552033110403
KR-26,3525913,,3,0.850843455297961127,-1.704353694613611
NG-KD,6849075,,3,0.438015352438102912,-1.751439033234238
CL-ML,955048,Provincia De Talca,3,3.14120337407125083,-1.443125421655746
NA-KH,178216,,3,16.83350540916640625,0.1185576937914958
EC-E,534092,,3,5.61700980355444379,-1.160745943893024
MY-16,50000,Putrajaya,3,60.00,5.041936215734904
TR-48,795551,Muğla Merkez,3,3.77097131422121290,-1.371296889370864
IR-25,1074428,,3,2.79218337571247188,-1.482933091468556
LR-MO,1144806,Greater Monrovia,3,2.62053133893428214,-1.502510959885535
NO-01,258542,Fredrikstad,3,11.60353056756735945,-0.4779499923086621
HU-VE,363706,,3,8.24842042748813675,-0.8606189432854757
AT-5,533083,Salzburg,3,5.6276414742169605,-1.159533342789127
PH-00,510383,Makati City,3,5.87793872444811072,-1.130985550859985
HR-21,795505,,3,3.77118937027422829,-1.371272018866595
PK-NW,21163422,,3,0.141754013126988654,-1.785229284879
PT-06,106582,Coimbra,3,28.14734195267493533,1.408963606226108
ZA-LP,5494928,Capricorn District Municipality,3,0.54595801801224697,-1.739127572544031
CY-01,326980,,3,9.1748730809223797,-0.7549518712021146
SE-U,261946,Västerås,3,11.45274216823314717,-0.4951482469660586
NG-GO,2448236,,2,0.81691470920287101,-1.70822345659879
US-ME,1325518,Androscoggin,2,1.50884408963137440,-1.629305066708805
GY-UD,44878,,2,44.56526583181068446,3.281519035329756
BJ-ZO,628684,Cové,2,3.18124844914138105,-1.438558058371358
IN-OR,41974218,Khordha,2,0.0476482968664240503,-1.795962564628052
BR-PB,3766834,Mari,2,0.530949863997192351,-1.740839335888082
BR-MA,6569683,Duque De Caxias,2,0.304428691612669888,-1.766675334049494
GT-GU,2541581,,2,0.786911768698302372,-1.711645458646339
ZA-NC,819380,Frances Baard District Municipality,2,2.44086992604164132,-1.523002342144901
JP-36,824108,,2,2.42686638159076207,-1.524599524186993
MV-MLE,103693,Male,2,19.28770505241433852,0.3984727975463851
AO-BGU,2036662,,2,0.981998976757066155,-1.689394678749414
AR-A,1079051,,2,1.85348051204252640,-1.589997368086022
PE-ICA,246844,Ica,2,8.10228322341235696,-0.8772867032836743
BW-SO,179888,,2,11.11802899581962123,-0.5333241437974459
NG-OG,4054272,,2,0.493306813159057889,-1.745132734964231
GT-JU,6398,,2,312.59768677711781493,33.85210571314729
PE-LIM,7737002,Lima,2,0.258498059067323482,-1.771913977861472
EC-O,600659,,2,3.32967623893090758,-1.421629044347031
IN-CT,25545198,,2,0.0782926012160876511,-1.792467411470838
ZA-EC,6490714,Nelson Mandela Bay Metropolitan Municipality,2,0.308132510537361515,-1.766252892924361
TN-11,15922,Carthage,2,125.61236025624921808,12.52539041607266
ES-CB,589235,Cantabria,2,3.39423150355970060,-1.414266157775758
TM-M,1536553,,2,1.30161471813858687,-1.652940727801844
TR-52,908207,,2,2.20214114183220344,-1.550230686255011
IN-AS,31205576,,2,0.0640911098708769195,-1.794087170455933
SE-F,313067,Jönköping,2,6.38840887094455834,-1.072763594706807
FR-H,299209,Département De La Corse-Du-Sud,2,6.68429091370914641,-1.039016603940379
AZ-BA,2122300,Baku,2,0.942373839702209892,-1.693914145770171
TR-31,154803,Hatay,2,12.9196462600853987,-0.3278396858231323
GR-G,740506,Western Greece,2,2.70085590123510144,-1.493349497307558
SE-E,407971,Linköping,2,4.90230923276409314,-1.24226151455039
DZ-13,949135,,2,2.10718180237795494,-1.561061326471654
ZA-MP,3409743,Nkangala,2,0.586554470527544169,-1.734497321598814
MX-CHP,4250246,,2,0.470560998116344331,-1.747727021535492
SK-ZI,692332,Martin District,2,2.88878746035139189,-1.471914858926128
TH-83,319230,,2,6.26507533753093426,-1.086830469378928
BY-HM,2002600,,2,0.998701687805852445,-1.687489641761461
TR-22,397459,,2,5.03196556122769856,-1.22747348997618
MA-04,1918094,Oujda-Angad Province,2,1.04270176539835879,-1.68247118846716
AR-W,930991,Departamento De Esquina,2,2.14824847930860763,-1.556377443819508
CL-AR,889942,Provincia De Cautín,2,2.24733746693604752,-1.545075794286222
RU-KGD,434954,Kaliningrad,2,4.59818739452907632,-1.276948299766862
GT-QZ,667139,,2,2.99787600485056327,-1.459472704378528
LT-KL,329146,Klaipėdos Miesto Savivaldybė,2,6.07633086836844427,-1.108357824667294
CO-COR,1467929,,2,1.36246371588816628,-1.646000561558517
DZ-25,938475,,2,2.13111697168278313,-1.558331387439275
IL-JM,889300,,2,2.24895985606656934,-1.544890751792613
CO-TOL,1365342,,2,1.46483445173443716,-1.634324610408939
CL-TA,238950,Provincia De Iquique,2,8.36995187277673125,-0.8467576067756155
IT-32,1028260,Provincia Di Bolzano,2,1.94503335732207816,-1.579555257454971
IT-23,127866,Provincia Di Aosta,2,15.64137456399668302,-0.01741145204925099
RO-BH,588020,,2,3.40124485561715595,-1.413466246010538
TH-24,669036,,2,2.98937575855409854,-1.46044220469223
CI-15,826300,Lakota,2,2.42042841582960166,-1.52533380994853
RU-KYA,2845899,,2,0.702765628716971347,-1.721242793389765
SE-AC,255537,Skellefteå,2,7.82665523975001687,-0.9087236060869401
BY-BR,14000000,,2,0.142857142857142849,-1.785103466804777
GR-D,353820,Epirus,2,5.65259171330054855,-1.156687629409205
GH-TV,1738710,Ho Municipal,2,1.15027807972577367,-1.670201512171928
ES-RI,321702,La Rioja,2,6.21693368396839308,-1.092321292421367
NG-KN,10077751,,2,0.198456977156907327,-1.778761996814921
NG-NI,4082558,,2,0.489888937279029435,-1.745522562696548
ZW-MW,1270629,,2,1.5740235741510700,-1.621870984391087
SI-061,255115,Ljubljana,2,7.8396017482311899,-0.9072469848696153
DE-ST,2356219,,2,0.848817533514499289,-1.704584762248136
ES-EX,1102410,Badajoz,2,1.81420705545123861,-1.594476723996129
CL-LL,767714,Provincia De Osorno,2,2.60513680875951215,-1.504266791577135
JP-42,1407904,,2,1.42055140123190227,-1.639375338335701
TR-59,710421,,2,2.81523209477197289,-1.48030425701138
GH-AH,4105402,Kumasi Metropolitan,2,0.487163011076625407,-1.745833469723966
TR-08,180934,,2,11.05375440768457018,-0.5406550176552936
AF-KAB,3138338,,2,0.637279987050470620,-1.72871179463095
EC-R,778115,,2,2.57031415664779628,-1.508238508509655
IN-AR,1383727,,2,1.44537181105810619,-1.636544432703857
HU-HB,545641,,2,3.66541370608147110,-1.383336321010358
ID-KT,2212089,Kalimantan Tengah,2,0.904122754554631314,-1.698276894537281
NG-ON,4011407,,2,0.498578179676108679,-1.744531506327592
NO-11,393104,Stavanger,2,5.08771215759697171,-1.221115280956951
RO-CT,703862,Municipiul Constanţa,2,2.84146608284010238,-1.477312124927832
ZA-NW,3895126,Ngaka Modiri Molema District Municipality,2,0.513462208924692076,-1.74283390010274
LK-1,5821710,,2,0.343541674181640777,-1.762214281093156
CU-14,510863,,2,3.91494392821558801,-1.35487601289695
DE-MV,1651216,,2,1.21122857336653711,-1.663249769758345
SE-C,270347,Uppsala,2,7.39789973626487463,-0.95762555323444
AO-HUA,1896147,,1,0.527385271289620428,-1.741245897489673
AM-ER,1060138,,1,0.943273422894000624,-1.693811543309462
SE-D,258730,Eskilstuna,1,3.86503304603254394,-1.360568626292605
JP-04,2337514,,1,0.427804924376923468,-1.752603589279216
RU-TVE,400212,Tver,1,2.49867570187800503,-1.516409272267565
UY-CO,119249,,1,8.38581455609690707,-0.8449483796169309
TR-39,334222,,1,2.99202326597291624,-1.46014024176274
CN-42,57110000,,1,0.0175100682892663298,-1.79939999703188
SE-T,277277,Örebro,1,3.6065018014476498,-1.390055551022205
SY-DI,3089555,,1,0.323671208313171310,-1.764480618116931
EG-SUZ,488125,Suez,1,2.0486555697823303,-1.567736568444921
GE-TB,1106539,Didi Digomi,1,0.903718712128537716,-1.698322977820657
RU-VGG,1011417,Volgograd,1,0.988711876505931730,-1.688629035239168
MK-19,83018,,1,12.04558047652316510,-0.4275317443594251
DE-SL,1022585,,1,0.977913816455355689,-1.689860613977159
KR-31,1163690,,1,0.859335390009366762,-1.70338514228236
TH-71,896178,,1,1.1158497530624496,-1.674128254096361
KR-27,2527566,,1,0.395637542204634818,-1.756272457923644
SA-10,429332,,1,2.32919978012354090,-1.53573894267656
BW-CE,188174,,1,5.31423044628907348,-1.19527961169668
DO-28,167618,,1,5.96594637807395411,-1.120947789032549
RU-VOR,2345910,Anninskiy Rayon,1,0.426273812720863121,-1.752778221069765
EE-37,555566,Tallinna Linn,1,1.7999661606361799,-1.596100977165869
CO-HUI,1011418,,1,0.988710898955723505,-1.688629146734201
CL-LR,364183,Provincia De Valdivia,1,2.7458722675138598,-1.488215130642542
CN-45,48160000,,1,0.020764119601328904,-1.799028854401677
EG-MNF,3228928,Tala,1,0.309700309204788748,-1.766074076776349
JP-41,839458,,1,1.19124482701933854,-1.665529027050056
CR-P,410929,,1,2.43351041177429694,-1.523841735633282
ID-PB,760422,Papua Barat,1,1.31505926972128639,-1.651407302001884
MA-01,3157075,Tetouan Province,1,0.316748889399206535,-1.765270147046397
MX-DUR,1460178,Estado de Durango,1,0.684848011680767699,-1.723286397155061
DO-24,151179,,1,6.61467531866198311,-1.046956649308814
UG-W,97500,Mbarara,1,10.25641025641025550,-0.6315965477978585
DZ-23,609499,,1,1.6406917812826600,-1.6142671049888
BA-BIH,2371603,,1,0.421655732430765151,-1.753304938782853
JP-20,2148425,,1,0.465457253569475315,-1.748309131955199
KZ-ATY,556388,,1,1.79730691531808739,-1.596404278867982
AT-8,359737,Feldkirch District,1,2.77980858238101725,-1.48434450539686
MH-MAJ,23676,Majuro,1,42.23686433519175409,3.015951909076498
CM-CE,2672533,,1,0.374176857685199760,-1.758720168219111
CH-LU,362215,Luzern,1,2.76079124277017796,-1.486513538631363
TR-46,1055182,Kahramanmaraş Merkez,1,0.947703808442524664,-1.6933062332244
RU-KHM,1460892,,1,0.684513297355314521,-1.723324573183403
TR-74,172988,,1,5.78074779753508938,-1.142070716024009
ID-SA,2270596,Sulawesi Utara,1,0.440413001696470852,-1.751165568016047
NL-FR,649777,Heerenveen,1,1.53898953025422558,-1.625866811731099
KR-30,1539154,,1,0.649707566624262434,-1.72729436013845
CZ-PL,550343,,1,1.81704864057505944,-1.594152625426173
FR-I,1158671,Territoire De Belfort,1,0.863057761866828477,-1.702960585092173
RO-HD,512928,Municipiul Deva,1,1.9495913656497597,-1.579035391282931
IR-21,3073943,,1,0.325315075783773500,-1.764293125899312
RU-ALT,2586976,,1,0.386551711341736437,-1.757308747410396
HR-18,208055,,1,4.80642137896229382,-1.253198056986784
BB-08,99609,,1,10.03925348111114424,-0.6563644844472516
TR-78,214403,,1,4.66411384169064824,-1.269429022210045
TR-55,1211141,,1,0.825667696824729735,-1.707225129732808
SE-K,153138,Karlshamn,1,6.53005785631260682,-1.056607740986774
EE-78,150139,Tartu Linn,1,6.66049460832961415,-1.041730704770612
MX-AGU,1032680,Aguascalientes,1,0.968354185226788511,-1.69095094302784
RO-BR,367830,,1,2.71864720115270675,-1.4913203007114
RU-CHE,1062919,Chelyabinsk,1,0.940805461187541159,-1.694093028052983
ZW-MV,76290,Masvingo,1,13.10787783457858247,-0.3063708290212155
DZ-16,2988145,,1,0.33465578142961599,-1.763227766527595
NG-KO,3595789,,1,0.278103081131846175,-1.769677916178224
TR-80,500480,Osmaniye Merkez,1,1.99808184143222478,-1.573504783128408
KG-C,790438,,1,1.26512136309236145,-1.657102997685727
IT-77,588879,Provincia Di Potenza,1,1.69814172351196091,-1.607714619911203
LY-GT,23518,,1,42.52062250191342940,3.048316104425364
CN-22,27340000,,1,0.0365764447695683947,-1.797225370869988
ES-CN,2103992,Las Palmas,1,0.47528697827748395,-1.747187997242668
IS-6,28618,,1,34.94304284017051998,2.184051046338799
NL-ZE,410398,Flushing,1,2.43665904804604283,-1.523482616174066
VE-E,353442,Barinas,1,2.82931853033878244,-1.47869762077701
CH-TI,317006,Lugano District,1,3.15451442559446837,-1.441607222279237
DZ-06,912577,,1,1.09579794362557892,-1.676415274361577
DO-27,158293,,1,6.31739874789156808,-1.080862693741684
TN-61,277278,Sfax,1,3.60648879463931493,-1.390057034520955
,520400,Macau,1,1.92159877017678715,-1.582228102311042
GQ-LI,173046,Bata,1,5.77881025854397112,-1.142291703110052
CR-L,386862,,1,2.58490107583582773,-1.50657478933782
CN-15,24259735,,1,0.0412205656821890282,-1.796695683079232
CA-PE,139089,,1,7.18964116500945405,-0.9813786002781834
HU-BK,534000,,1,1.87265917602996246,-1.587809934910122
SE-X,284119,Gävle,1,3.51965197681253272,-1.399961256020866
AR-Q,474155,,1,2.10901498455146541,-1.560852241860419
KR-28,2900898,,1,0.344720841615251572,-1.762079790496422
NZ-NSN,46000,Nelson,1,21.73913043478260931,0.6780714814353883
RU-TOM,1049069,,1,0.953226146230610194,-1.692676379920015
CZ-VY,517114,,1,1.93380956616916211,-1.580835393190357
NG-ZA,3602356,,1,0.27759610654804801,-1.769735739446031
TH-76,499811,,1,2.00075628587606147,-1.573199747881564
IR-15,2938988,Kerman,1,0.340253175582887701,-1.76258935262778
PL-PM,253730,Gdynia,1,3.94119733575060138,-1.351881665915318
JP-07,2028752,,1,0.492913870201976356,-1.745177552291503
GR-A,611067,Nomós Rodópis,1,1.63648176059253725,-1.614747281237513
MY-09,217510,,1,4.5974897705852600,-1.277027867653343
NG-IM,215038,Owerri,1,4.6503408699857705,-1.270999906149496
IT-65,1338898,Provincia Di L'aquila,1,0.746882884282447201,-1.716210975296658
JP-29,1396849,,1,0.71589699387693295,-1.719745088241242
CV-PR,130271,Praia,1,7.6763055476660202,-0.9258718237451871
TH-23,234294,,1,4.26814173645078387,-1.31459184065768
TR-77,185107,,1,5.40228084297190314,-1.185236974786133
TH-19,532956,,1,1.87632750170745810,-1.587391541987016
TN-51,164123,Sousse,1,6.09299123218561700,-1.106457617616369
LK-2,2558716,,1,0.390821021168429816,-1.756821808906273
RU-PNZ,1433768,Gorod Penza,1,0.697462908922503511,-1.721847598041878
LS-A,316155,,1,3.16300548781452129,-1.440638769460472
TR-23,605379,Isparta Merkez,1,1.65185776183184418,-1.612993562873941
CN-33,51200000,,1,0.0195312500,-1.799169470028984
LT-VL,806404,Vilniaus Miesto Savivaldybė,1,1.2400732139225501,-1.659959878254929
AR-T,1338523,,1,0.747092130654460118,-1.71618710958545
PL-KP,2066580,Bydgoszcz,1,0.483891259956062691,-1.746206631115662
AT-4,1400851,Linz,1,0.713851794373562942,-1.719978354606821
RU-SA,918293,,1,1.08897704763076719,-1.677193235443653
AE-SH,620183,,1,1.61242729968412557,-1.617490826140011
TR-17,476138,,1,2.10023144550529484,-1.561854053286074
GT-HU,846544,Municipio De Huehuetenango,1,1.18127350734279601,-1.666666311455386
NO-18,236825,Bodø,1,4.22252718251873738,-1.319794433947819
PT-05,33479,Castelo Branco,1,29.86947041428955529,1.605381924653597
BR-RO,1560501,Vilhena,1,0.64081983926956798,-1.728308054819516
EC-I,398244,,1,2.51102339269392605,-1.515000949531726
TH-95,524191,,1,1.90770158205692186,-1.583813153822714
AU-NT,211945,Palmerston,1,4.71820519474391897,-1.263259602886802
CY-02,235330,,1,4.24935197382399199,-1.316734917472836
NG-DE,4170214,,1,0.239795847407351270,-1.774047069002468
HU-PE,1213090,,1,0.824341145339587356,-1.707376430299419
ML-BKO,971351,Bamako,1,1.02949397282753607,-1.683977610586488
MG-,485800,,1,2.05846027171675594,-1.566618287718734
TH-49,377367,,1,2.64994024384750126,-1.499156710897377
IL-HA,926700,,1,1.07909787417718794,-1.67832001006033
UA-40,379200,Sevastopol,1,2.63713080168776370,-1.500617698939263
TR-58,738433,Sivas Merkez,1,1.35421900158849895,-1.646940917028362
GA-1,638219,Komo-Mondah,1,1.56686027836839692,-1.622687998071188
IR-30,5994402,,1,0.166822311883654123,-1.782370106137476
CN-36,44000000,,1,0.0227272727272727279,-1.798804945881257
RU-MOS,10636983,Gorod Reutov,1,0.0940116196481652761,-1.790674570090779
PE-PIU,325466,Piura,1,3.07251755943785199,-1.450959420402544
JP-16,1104239,,1,0.905601051946181901,-1.698108286507011
CN-23,38250000,,1,0.026143790849673203,-1.798415273008741
HN-CR,1202510,,1,0.831593916058910199,-1.706549211505709
IE-C,542547,Sligo,1,1.84315828859066588,-1.591174675016393
PK-BA,7706478,,1,0.129760962141201197,-1.78659715897199
TH-92,612757,,1,1.63196830064772813,-1.615262066418996
AR-N,965522,,1,1.03570918114760713,-1.683268731548648
CM-EN,1855695,,1,0.538881658893298754,-1.739934670614654
JP-03,1330530,,1,0.751580197364959846,-1.715675220643414
CH-SH,73443,Schaffhausen,1,13.61600152499216954,-0.2484164992201547
RU-IRK,586695,Irkutsk,1,1.70446313672351057,-1.606993627615463
SE-S,288358,Karlstad,1,3.46791141567079819,-1.405862554466642
CO-NAR,1541956,,1,0.648526935917756342,-1.727429017629586
MY-14,1453975,,1,0.687769734692824875,-1.722953158413741
KZ-ALA,1472866,,1,0.678948390417050796,-1.723959281735861
CO-CUN,2598245,,1,0.384875175358751764,-1.757499965653344
PL-PD,1202027,,1,0.831928068171513546,-1.706511099600866
CH-FR,248953,La Sarine,1,4.01682245243077940,-1.343256201218407
SE-Z,137645,Östersund,1,7.2650659304733196,-0.9727759867505545
IQ-AR,2000000,Erbil,1,0.500,-1.744369339820651
KZ-AST,835153,,1,1.19738538926400295,-1.664828661811817
TR-41,1350456,,1,0.740490619464832633,-1.716940048611689
CO-CES,903279,,1,1.10707765817648807,-1.675128760251965
NZ-BOP,259483,Bay of Plenty,1,3.85381701306058577,-1.361847877164351
ID-GO,1040164,Gorontalo,1,0.961386858226202845,-1.691745605379628
ET-OR,27158471,Jimma,1,0.0368209241234530443,-1.797197486641459
CO-NSA,1243975,,1,0.803874675938021310,-1.709710744837275
ZW-MI,1514459,,1,0.660301797539583402,-1.726086029245719
ID-BB,1276873,Bangka-Belitung,1,0.783163243329602854,-1.71207299878978
FR-C,1339247,Département De L'allier,1,0.746688250935040321,-1.716233174311226
NO-10,161276,Kristiansand,1,6.20055060889406917,-1.094189873150677
ES-CM,2081313,Ciudad Real,1,0.480465936646722547,-1.746597308268666
BN-BE,77515,,1,12.90072889118235189,-0.3299973168430188
NZ-MBH,45000,Marlborough,1,22.22222222222222499,0.7331707836361401
KP-03,2728662,,1,0.366479981763956075,-1.75959803967835
MK-76,90650,,1,11.03143960286817382,-0.5432001451157416
TR-42,2450952,,1,0.408004726326749778,-1.754861911867938
RU-IVA,420839,Ivanovo,1,2.37620562733016660,-1.530377664659049
TR-54,769329,,1,1.2998340111967703,-1.653143827321374
CO-LAG,681575,,1,1.46718996442064320,-1.634055951100896
TR-02,678008,Adıyaman Merkez,1,1.47490885063303079,-1.633175569245672
MX-OAX,3625487,,1,0.275825013301661259,-1.769937742470189
MX-NAY,941442,,1,1.06220032673282061,-1.680247269221624
